,precision,recall,f1-score,support
apple_pie,1.0,1.0,1.0,10.0
five,1.0,1.0,1.0,8.0
four,0.875,0.875,0.875,8.0
fries,1.0,1.0,1.0,10.0
hamburger,1.0,1.0,1.0,10.0
three,0.875,0.875,0.875,8.0
accuracy,0.9629629629629629,0.9629629629629629,0.9629629629629629,0.9629629629629629
macro avg,0.9583333333333334,0.9583333333333334,0.9583333333333334,54.0
weighted avg,0.9629629629629629,0.9629629629629629,0.9629629629629629,54.0
