,precision,recall,f1-score,support
apple_pie,1.0,1.0,1.0,8.0
hamburger,1.0,0.875,0.9333333333333333,8.0
hash_brown,1.0,1.0,1.0,8.0
i,1.0,1.0,1.0,8.0
want,0.8888888888888888,1.0,0.9411764705882353,8.0
accuracy,0.975,0.975,0.975,0.975
macro avg,0.9777777777777779,0.975,0.9749019607843138,40.0
weighted avg,0.9777777777777779,0.975,0.9749019607843138,40.0
